{"cameraMode":{"drawMode":0,"name":"Shaded","section":"Shading Mode"},"sceneLighting":true,"audioPlay":false,"sceneViewState":{"m_AlwaysRefresh":false,"showFog":true,"showSkybox":true,"showFlares":true,"showImageEffects":true,"showParticleSystems":true,"showVisualEffectGraphs":true,"m_FxEnabled":true},"in2DMode":false,"pivot":{"x":395.3680419921875,"y":650.420654296875,"z":1985.294921875},"rotation":{"x":-0.004190313629806042,"y":0.007495043333619833,"z":0.00003129566175630316,"w":0.9999637603759766},"size":1277.7335205078125,"orthographic":false}